{
  "nodes": {
    "background-remove#1": {
      "rfNode": {
        "position": {
          "x": 108.02796822500443,
          "y": 237.12572368771578
        }
      }
    },
    "image_preview#2": {
      "rfNode": {
        "position": {
          "x": 562.5481939265321,
          "y": 237.12572368771578
        }
      }
    },
    "upload-to-cloud#1": {
      "rfNode": {
        "position": {
          "x": -357,
          "y": 237.12572368771578
        }
      }
    }
  }
}